id,nif,nombre,tipo_persona
1,75070427Z,Jorge Vargas González,FISICA
2,82434272H,Ana Silva Castro,FISICA
3,67193116L,Luis López Castro,FISICA
4,25407914K,Jan Martínez Gómez,FISICA
5,13515497F,Patricia Torres Martínez,FISICA
6,87015034P,Laura Vargas Vargas,FISICA
7,76807485C,Diego Gómez Sánchez,FISICA
8,39251651N,Fernando Fernández López,FISICA
9,94396965C,Valentina Fernández Pereira,FISICA
10,63546922S,Jan Gómez Sánchez,FISICA
11,75148396J,Fernando Martínez Torres,FISICA
12,51991424Q,Sofía Rodríguez García,FISICA
13,95807150Y,Juan Torres García,FISICA
14,20796799S,Jan Pérez Martínez,FISICA
15,27245992P,Jorge González Rodríguez,FISICA
16,76739100Z,Luis Pereira Gómez,FISICA
17,66829463L,María López García,FISICA
18,83883231T,Laura López García,FISICA
19,26497730M,Miguel Sánchez Silva,FISICA
20,84381261B,Juan Silva Gómez,FISICA
21,63296647A,Miguel Castro García,FISICA
22,79805119H,Valentina González Gómez,FISICA
23,96555866A,Elena González Pérez,FISICA
24,58146102D,Carlos Silva Pereira,FISICA
25,10203547B,Sofía Torres López,FISICA
26,69985697D,Fernando López López,FISICA
27,58844776N,María Castro Castro,FISICA
28,22461252G,Ana Martínez Castro,FISICA
29,99195836X,Antonio Torres Sánchez,FISICA
30,45824767G,Diego Gómez Gómez,FISICA
31,87280778X,Patricia García Pereira,FISICA
32,87665927R,Patricia Martínez Gómez,FISICA
33,51066382B,Roberto Gómez Torres,FISICA
34,58679359B,Carmen Pérez Fernández,FISICA
35,78588025S,Ana Rodríguez Pérez,FISICA
36,69676508D,Elena Rodríguez Pereira,FISICA
37,60416721E,Carmen Pereira Pereira,FISICA
38,23832786W,Fernando Martínez González,FISICA
39,37953167Q,Sofía Rodríguez Sánchez,FISICA
40,94437297X,Roberto Sánchez Pérez,FISICA
41,79153439C,Ana Silva Pérez,FISICA
42,10559298K,Valentina Fernández Gómez,FISICA
43,83163037M,Ana García Torres,FISICA
44,94123869A,Pedro López García,FISICA
45,64142274N,Miguel Torres Vargas,FISICA
46,77931887K,Carmen Martínez Pereira,FISICA
47,56500086B,Ana Sánchez Rodríguez,FISICA
48,20822189J,Carmen González López,FISICA
49,21679101Z,Pedro Vargas González,FISICA
50,45692688Z,Laura Fernández Castro,FISICA
51,64345995E,Pedro González Vargas,FISICA
52,83886277X,Valentina González López,FISICA
53,92002910N,Carlos Fernández Sánchez,FISICA
54,26151536F,Miguel Sánchez Martínez,FISICA
55,90854322K,Laura Pereira Fernández,FISICA
56,49815761S,Jan García Castro,FISICA
57,44129830Y,Carlos Martínez Rodríguez,FISICA
58,40599461E,Ana García Martínez,FISICA
59,22875785P,Valentina Gómez Vargas,FISICA
60,31457562W,Laura Silva Vargas,FISICA
61,34383165M,Sofía Castro Martínez,FISICA
62,60743725N,Roberto García Fernández,FISICA
63,75016663R,Pedro Rodríguez Gómez,FISICA
64,25261998V,Carmen Pereira Silva,FISICA
65,21228375L,Miguel Castro Torres,FISICA
66,10183428V,Miguel Martínez Torres,FISICA
67,11711971A,Juan López González,FISICA
68,21025370N,Diego Pereira Martínez,FISICA
69,12976264D,Roberto Silva Pereira,FISICA
70,45975341C,Sofía Silva Silva,FISICA
71,37095037Q,Fernando García Martínez,FISICA
72,72194698K,Patricia Rodríguez Gómez,FISICA
73,78216185Q,Carlos López Pérez,FISICA
74,46465858Q,Valentina Fernández Pereira,FISICA
75,40524319K,Elena Pereira Castro,FISICA
76,93435520K,Pedro Pérez Pérez,FISICA
77,37444085Q,Ana Vargas Pérez,FISICA
78,14184528Z,Juan Fernández Pereira,FISICA
79,96529384V,Isabel González Castro,FISICA
80,20252339B,Sofía Torres Pérez,FISICA
81,25162505E,Luis Torres Fernández,FISICA
82,71339662X,Ana Pereira Martínez,FISICA
83,76938484B,Patricia Vargas Sánchez,FISICA
84,60800284Z,Carlos Pérez Fernández,FISICA
85,48968594F,Isabel Fernández González,FISICA
86,61420631M,Luis García Pérez,FISICA
87,49056354E,Carlos Fernández Pérez,FISICA
88,72535747A,Elena Fernández Pereira,FISICA
89,10205552S,Roberto Silva Silva,FISICA
90,13805775W,Luis Fernández Fernández,FISICA
91,10096592Y,Ana Torres Rodríguez,FISICA
92,88141602J,Valentina García Castro,FISICA
93,84071580W,Antonio Rodríguez González,FISICA
94,46894446E,Ana Pereira Castro,FISICA
95,14952761R,Diego Silva Pereira,FISICA
96,91584225L,Roberto Sánchez Sánchez,FISICA
97,63879287F,Juan Martínez Vargas,FISICA
98,45427055P,Fernando Rodríguez García,FISICA
99,55342155S,Patricia López Vargas,FISICA
100,24075675B,Luis Martínez Sánchez,FISICA
101,14882141Z,Jorge Silva Castro,FISICA
102,28897713F,Jan González Castro,FISICA
103,71455293C,Carlos Pereira Castro,FISICA
104,33402151X,Pedro Torres Pereira,FISICA
105,74943204G,Luis Martínez Gómez,FISICA
106,50057672N,Valentina Sánchez Rodríguez,FISICA
107,25477678A,Elena López Torres,FISICA
108,11332044J,Patricia Pereira Silva,FISICA
109,62455667H,Sofía Sánchez López,FISICA
110,62693320N,Isabel Fernández Vargas,FISICA
111,93593447F,Carlos García Sánchez,FISICA
112,80981117A,Jorge Fernández Vargas,FISICA
113,46526920J,Luis Fernández García,FISICA
114,24394516A,Elena Pereira González,FISICA
115,71467047K,Valentina Fernández Silva,FISICA
116,53845404N,Antonio Castro Sánchez,FISICA
117,43091500B,Isabel Fernández García,FISICA
118,93087335X,Carmen Pérez Pereira,FISICA
119,40895287E,Pedro Pereira Gómez,FISICA
120,42269983P,Isabel Pérez Pérez,FISICA
121,93255614K,Jorge Martínez Torres,FISICA
122,97049534E,María González Martínez,FISICA
123,70253147S,María Pérez Fernández,FISICA
124,56496672R,Ana Rodríguez González,FISICA
125,13436592S,Ana Castro Torres,FISICA
126,91552415H,María Castro Castro,FISICA
127,34922629G,Laura Castro Pereira,FISICA
128,86987951L,Antonio Pereira Rodríguez,FISICA
129,44452995K,Elena López Pérez,FISICA
130,79086157J,Juan Fernández Fernández,FISICA
131,48827219J,Carlos Silva Vargas,FISICA
132,32375778N,Juan Pereira Silva,FISICA
133,60258674P,Laura Pérez Gómez,FISICA
134,43482153D,Juan Torres Silva,FISICA
135,94006583V,Pedro Sánchez Vargas,FISICA
136,42998121N,Diego Gómez Gómez,FISICA
137,31414469B,Miguel Castro López,FISICA
138,62110314X,Antonio Silva Martínez,FISICA
139,66972388E,Sofía López Martínez,FISICA
140,77389661C,Jorge Silva Pereira,FISICA
141,12031231T,Luis López Pereira,FISICA
142,16393669M,Elena Martínez Fernández,FISICA
143,71240180A,Jorge Castro López,FISICA
144,28286829A,Laura García López,FISICA
145,85503863Y,Jorge Vargas Castro,FISICA
146,10845781Q,Valentina González Torres,FISICA
147,21051575C,Laura Silva Silva,FISICA
148,76455463J,Valentina González García,FISICA
149,64871056Q,Elena Pereira García,FISICA
150,65028715X,Isabel Torres Pereira,FISICA
151,95024769Q,Elena Vargas Vargas,FISICA
152,64593772C,Isabel Castro Fernández,FISICA
153,93281306E,Roberto Vargas Fernández,FISICA
154,93882831M,Jan Silva Pérez,FISICA
155,15994128C,María López López,FISICA
156,87580789D,Juan González Fernández,FISICA
157,12293598Y,Ana Pereira García,FISICA
158,51582400R,Laura Pérez Torres,FISICA
159,86274628H,Patricia Sánchez Silva,FISICA
160,63517592X,Elena Torres Rodríguez,FISICA
161,27690604F,María González Rodríguez,FISICA
162,80390415X,Ana Rodríguez Vargas,FISICA
163,47072575Q,Antonio González Pérez,FISICA
164,92904218L,María Pereira Fernández,FISICA
165,25260743G,Fernando López Castro,FISICA
166,25962810L,Elena López Gómez,FISICA
167,53308635V,Juan Vargas González,FISICA
168,33936727C,Antonio Torres Sánchez,FISICA
169,40335371H,Carmen Castro García,FISICA
170,14527726Y,Antonio González Rodríguez,FISICA
171,39864610K,Elena Martínez Castro,FISICA
172,15227141Z,Fernando Gómez Pereira,FISICA
173,42466047C,Isabel Gómez García,FISICA
174,69354249A,Elena Torres Sánchez,FISICA
175,46720353Q,Juan Castro Gómez,FISICA
176,79855032K,Pedro García Silva,FISICA
177,20332392R,Pedro Pérez González,FISICA
178,55834020W,Laura Pérez Pereira,FISICA
179,72528692D,Carmen González Pereira,FISICA
180,37121887W,Fernando Silva Rodríguez,FISICA
181,12734886Q,Carlos González Pereira,FISICA
182,80217876V,Elena García García,FISICA
183,16421476M,Juan Pérez García,FISICA
184,48718078F,Miguel Pereira Castro,FISICA
185,68346507Y,Isabel Vargas Rodríguez,FISICA
186,41135623P,Roberto López Martínez,FISICA
187,76560351K,Jan Gómez López,FISICA
188,43700394A,Laura García Castro,FISICA
189,14103202Q,Sofía Gómez Pereira,FISICA
190,50176365W,María Pereira Torres,FISICA
191,24157682T,Jorge Martínez Torres,FISICA
192,19374688V,Ana González Pereira,FISICA
193,23304138D,Fernando Martínez Fernández,FISICA
194,85600661C,Jorge Rodríguez Fernández,FISICA
195,71609605W,Luis Gómez Castro,FISICA
196,63219136W,Elena Rodríguez Vargas,FISICA
197,93719136R,Pedro Silva López,FISICA
198,38528127E,Ana Torres Pereira,FISICA
199,48977612D,Carlos Martínez Gómez,FISICA
200,71303410Y,Carlos Martínez Fernández,FISICA
201,11499918X,Roberto Castro García,FISICA
202,78869044C,Luis Pereira Pereira,FISICA
203,44384040C,Diego Torres Gómez,FISICA
204,45454072T,Antonio Silva Castro,FISICA
205,12190600W,Roberto González Vargas,FISICA
206,68205641S,Miguel Gómez Fernández,FISICA
207,95482649N,María Rodríguez García,FISICA
208,87560876Z,Jorge González González,FISICA
209,37349743C,Valentina García Fernández,FISICA
210,41883061S,Ana Pereira Vargas,FISICA
211,32662940L,Jorge García Torres,FISICA
212,28152961H,Juan García Fernández,FISICA
213,87856018C,Miguel Fernández Rodríguez,FISICA
214,45562931T,Carlos González Vargas,FISICA
215,92115051M,Juan Sánchez Silva,FISICA
216,63470489B,Elena Castro González,FISICA
217,14317177E,Antonio González Castro,FISICA
218,28602782M,Jan Vargas González,FISICA
219,47469107M,Elena Martínez Silva,FISICA
220,90626537M,Roberto Sánchez García,FISICA
221,38379981L,Carlos Rodríguez Pereira,FISICA
222,80526783B,Isabel Castro Gómez,FISICA
223,62593811R,Ana Martínez Pereira,FISICA
224,96170318G,Juan Castro Pereira,FISICA
225,21487867W,Jan Gómez Torres,FISICA
226,99654545F,Miguel Silva Pereira,FISICA
227,75658285S,Jan Castro Vargas,FISICA
228,32277615J,Jorge García González,FISICA
229,39557391J,Fernando Sánchez García,FISICA
230,36883211C,Roberto Castro Vargas,FISICA
231,44273726Z,Roberto López López,FISICA
232,12009557S,Antonio Castro Silva,FISICA
233,46312941A,Antonio García Rodríguez,FISICA
234,64580104Z,Roberto Pereira García,FISICA
235,42848336A,Carlos Gómez Torres,FISICA
236,14430909L,Laura Martínez Martínez,FISICA
237,98519494Y,Jorge Castro Fernández,FISICA
238,40557442R,Antonio González Martínez,FISICA
239,81863996G,Sofía González García,FISICA
240,46659426Q,Jorge Castro López,FISICA
241,50094686L,Luis Castro Pérez,FISICA
242,64219464Z,Patricia Pérez Rodríguez,FISICA
243,60928940P,Ana Fernández Vargas,FISICA
244,49851282R,Miguel Rodríguez Sánchez,FISICA
245,53668146S,Isabel Silva Fernández,FISICA
246,66995832Y,Ana Pereira Pérez,FISICA
247,67139002R,Carlos González Torres,FISICA
248,36024817D,Sofía Fernández Sánchez,FISICA
249,17490679F,Fernando García Gómez,FISICA
250,53851619V,Laura Sánchez Fernández,FISICA
251,69325672S,Sofía López Rodríguez,FISICA
252,74752615Q,Laura Fernández Gómez,FISICA
253,14352809G,Diego Martínez Pereira,FISICA
254,74844897E,Fernando Rodríguez Torres,FISICA
255,63556802M,Jan Rodríguez Sánchez,FISICA
256,87424024N,Juan Martínez Rodríguez,FISICA
257,76022229F,Isabel Rodríguez López,FISICA
258,21544537T,Diego Gómez González,FISICA
259,88984459N,Roberto Silva Fernández,FISICA
260,75310612X,Laura López Silva,FISICA
261,38134146P,Ana González Castro,FISICA
262,57004354G,María López Martínez,FISICA
263,90854874K,Carlos Pérez Sánchez,FISICA
264,36772819M,Sofía Sánchez López,FISICA
265,54552023W,María López Martínez,FISICA
266,82493814J,Carmen Martínez Martínez,FISICA
267,56602215C,Patricia Pereira Rodríguez,FISICA
268,50123214G,Sofía Vargas Martínez,FISICA
269,73736417G,Ana Torres Vargas,FISICA
270,58208995C,Antonio Castro Fernández,FISICA
271,27682263S,Jan Pereira López,FISICA
272,99686296H,Elena Pereira Fernández,FISICA
273,42298110Y,Antonio Vargas Castro,FISICA
274,78165755W,Juan Fernández García,FISICA
275,95833284N,Carmen Rodríguez Torres,FISICA
276,13523910W,Jorge Torres Torres,FISICA
277,22093772H,Luis Fernández García,FISICA
278,91953026S,Jan López Castro,FISICA
279,51619080L,Jorge López Vargas,FISICA
280,22516707Y,Jan González Pérez,FISICA
281,31119079X,Laura Vargas Pérez,FISICA
282,53294971S,Antonio Torres López,FISICA
283,66881482N,Jorge Silva Pereira,FISICA
284,26909331K,Valentina Vargas Castro,FISICA
285,69741625J,Luis Vargas Rodríguez,FISICA
286,57723278V,Jorge Silva Torres,FISICA
287,51234292K,Diego López Gómez,FISICA
288,42885121B,Sofía Rodríguez Vargas,FISICA
289,13701655A,Miguel Martínez Pereira,FISICA
290,76216800K,Pedro Pereira Fernández,FISICA
291,30063303A,Patricia Martínez Fernández,FISICA
292,43632935A,Isabel Castro Fernández,FISICA
293,60652287E,María Gómez Sánchez,FISICA
294,58145505X,Miguel Martínez Rodríguez,FISICA
295,29897293F,Jan Castro García,FISICA
296,56690049V,Miguel Sánchez González,FISICA
297,44858987V,Juan Gómez Torres,FISICA
298,21919993G,Laura Gómez Castro,FISICA
299,36275155S,Carlos García Vargas,FISICA
300,70455184C,Roberto Gómez López,FISICA
301,13313093A,Pedro Rodríguez Torres,FISICA
302,78224926V,Valentina Sánchez Sánchez,FISICA
303,14835444F,Laura Castro Castro,FISICA
304,15032386T,Pedro Gómez Martínez,FISICA
305,66450255N,Isabel Silva Martínez,FISICA
306,55921907Y,Sofía Castro Castro,FISICA
307,80262064E,Luis García Martínez,FISICA
308,15700250J,Valentina Torres Martínez,FISICA
309,47055790K,Sofía Torres Pérez,FISICA
310,40596740S,Diego Pereira Rodríguez,FISICA
311,71876829N,María Martínez Rodríguez,FISICA
312,34881207M,Luis Castro Vargas,FISICA
313,54407673T,Pedro Vargas Vargas,FISICA
314,47720478D,Antonio Torres Vargas,FISICA
315,13357309J,Elena Pereira Rodríguez,FISICA
316,89123121F,Luis González Gómez,FISICA
317,58763653X,Luis Pérez González,FISICA
318,98289314X,María Pereira Silva,FISICA
319,39508109C,Juan Silva Gómez,FISICA
320,90023968J,Valentina García García,FISICA
321,49577949T,Laura Castro García,FISICA
322,45628219Z,Elena González Martínez,FISICA
323,77455605T,Juan Gómez Gómez,FISICA
324,36181965K,Carmen Martínez Castro,FISICA
325,78013516T,Antonio Sánchez Fernández,FISICA
326,18722039Q,Sofía Pérez García,FISICA
327,20593647E,Sofía Vargas Fernández,FISICA
328,64579039F,Isabel Pereira Rodríguez,FISICA
329,84728511F,Elena Rodríguez Silva,FISICA
330,48306262Y,Luis Sánchez Rodríguez,FISICA
331,31017341R,Pedro Pérez Sánchez,FISICA
332,93168174G,Ana Rodríguez Fernández,FISICA
333,31729721W,Jan Pereira Sánchez,FISICA
334,19327070D,Antonio Torres Pérez,FISICA
335,61783850P,Isabel Silva García,FISICA
336,27140234G,Juan González Fernández,FISICA
337,83715685D,Miguel Silva Gómez,FISICA
338,27307348T,Isabel Martínez Pereira,FISICA
339,95252011H,Luis Rodríguez Rodríguez,FISICA
340,30332689J,Carmen Silva Torres,FISICA
341,96050915V,Diego Vargas Pérez,FISICA
342,47691894Z,María García Pérez,FISICA
343,22022095D,Juan Pérez Sánchez,FISICA
344,26799567J,Miguel López Pérez,FISICA
345,19523591H,Luis Pérez Gómez,FISICA
346,76720393Y,Miguel García Fernández,FISICA
347,16692367W,Isabel Gómez Torres,FISICA
348,45207195M,María Gómez Pereira,FISICA
349,47400938P,Fernando Sánchez Sánchez,FISICA
350,89288135L,Patricia Castro Rodríguez,FISICA
351,51150756K,Valentina Pereira Sánchez,FISICA
352,44590766E,María Rodríguez Castro,FISICA
353,47810522P,María Martínez Torres,FISICA
354,23603827P,Laura Pereira Pérez,FISICA
355,93715162Y,Pedro Castro Gómez,FISICA
356,40464868W,Miguel Torres Martínez,FISICA
357,34017648G,Fernando Gómez Vargas,FISICA
358,80692526Q,Sofía Sánchez Pérez,FISICA
359,69716121Q,Pedro Pérez Pérez,FISICA
360,38804812V,Carlos López Martínez,FISICA
361,17974334H,Fernando Fernández Fernández,FISICA
362,68209378A,Roberto Vargas Castro,FISICA
363,94923356X,Jan Pérez Silva,FISICA
364,27696804C,Patricia Gómez Pérez,FISICA
365,55863654N,Jorge Castro Torres,FISICA
366,41899340X,Ana Pereira González,FISICA
367,35175981B,Elena López Vargas,FISICA
368,61880844B,Valentina Martínez Pereira,FISICA
369,72645581N,Antonio Sánchez Gómez,FISICA
370,57315263E,Carmen Fernández Pérez,FISICA
371,48540921L,Ana Rodríguez Pérez,FISICA
372,99456481L,Luis Pereira Fernández,FISICA
373,68085432G,Roberto Silva Pereira,FISICA
374,80352633V,Ana Sánchez Pereira,FISICA
375,79452678Y,Sofía Martínez González,FISICA
376,90305276P,Sofía Torres Fernández,FISICA
377,84136832A,Miguel Rodríguez Pérez,FISICA
378,75738881L,Laura Vargas García,FISICA
379,17618645R,Laura Martínez García,FISICA
380,33313850Y,Isabel González Vargas,FISICA
381,29983838A,Isabel García Fernández,FISICA
382,76945007W,Ana Sánchez González,FISICA
383,68984371B,Pedro Castro Pereira,FISICA
384,69073054Y,Sofía Fernández Sánchez,FISICA
385,25677989F,Elena Fernández Silva,FISICA
386,26673823X,Luis López Sánchez,FISICA
387,86417135V,Antonio Rodríguez Torres,FISICA
388,83592601K,Miguel Rodríguez Rodríguez,FISICA
389,12176294W,Diego Pérez Rodríguez,FISICA
390,54652495X,Jorge Castro Pereira,FISICA
391,49154330H,Carmen González Rodríguez,FISICA
392,56958694E,Ana Torres Rodríguez,FISICA
393,82316439Z,Jorge Fernández Pérez,FISICA
394,83531592P,Miguel Torres Gómez,FISICA
395,30591591G,Laura Pérez González,FISICA
396,11147534D,Fernando García López,FISICA
397,88009959E,Carlos Castro López,FISICA
398,20417174M,Elena García Pereira,FISICA
399,37727776W,Luis Silva Sánchez,FISICA
400,42292596N,Elena González Pérez,FISICA
401,73955165E,Carmen Pérez Castro,FISICA
402,48025109M,Valentina Pérez González,FISICA
403,83119678R,Juan Fernández Gómez,FISICA
404,16312344P,Luis Sánchez Sánchez,FISICA
405,12169676P,Antonio Silva Pereira,FISICA
406,81611157G,Ana Pereira Torres,FISICA
407,50340231Q,Luis Gómez Torres,FISICA
408,82329326K,Jan Martínez Sánchez,FISICA
409,84587067J,Jorge Pérez González,FISICA
410,14178980D,Elena Fernández Sánchez,FISICA
411,85220905V,Carmen Castro Fernández,FISICA
412,70045646C,Patricia Silva Martínez,FISICA
413,11993176X,Valentina Gómez Fernández,FISICA
414,59609725G,Patricia Castro Castro,FISICA
415,10738279Q,Carlos Pereira Vargas,FISICA
416,96205514X,Laura González García,FISICA
417,36706328F,Carmen Rodríguez Silva,FISICA
418,50538876X,Roberto González López,FISICA
419,83664143X,Isabel Sánchez Pérez,FISICA
420,63135221Z,Miguel Gómez Fernández,FISICA
421,61074868R,Jorge Vargas Silva,FISICA
422,99403173W,Isabel Sánchez González,FISICA
423,22228812W,Diego Pereira Pérez,FISICA
424,72645815Q,Roberto Rodríguez Vargas,FISICA
425,37171587E,Valentina Castro Rodríguez,FISICA
426,60627831S,Carmen López López,FISICA
427,24481026X,Carlos Rodríguez Sánchez,FISICA
428,71228548D,Carlos López García,FISICA
429,99297633D,Miguel Castro García,FISICA
430,99024569R,Isabel Torres Vargas,FISICA
431,53309230Z,Patricia López Pérez,FISICA
432,27799712A,Diego Rodríguez Fernández,FISICA
433,10449591R,María Castro Martínez,FISICA
434,14441681G,Luis López Torres,FISICA
435,55183015N,Sofía Torres Pérez,FISICA
436,70940029W,Antonio García Pereira,FISICA
437,23673105X,Antonio Vargas González,FISICA
438,32701508Q,Luis Gómez Pereira,FISICA
439,65057009Z,Jan Sánchez Sánchez,FISICA
440,79647029F,Carlos Gómez Torres,FISICA
441,81138213D,Fernando Rodríguez González,FISICA
442,66308747T,Sofía Pérez Vargas,FISICA
443,82647798N,Juan Rodríguez Pérez,FISICA
444,12168695Q,Elena Silva Fernández,FISICA
445,18418270P,Carmen Rodríguez Castro,FISICA
446,61276474N,Jorge Gómez Vargas,FISICA
447,48568727H,Diego Vargas Silva,FISICA
448,81503223D,Laura Fernández Rodríguez,FISICA
449,19381675N,Diego Castro López,FISICA
450,20093927T,Carmen Pérez Martínez,FISICA
451,40863259X,Elena García Rodríguez,FISICA
452,73991411C,Diego Vargas Silva,FISICA
453,74419238R,Laura Castro Fernández,FISICA
454,72863041F,Juan Fernández Fernández,FISICA
455,94476915E,Jorge Pereira Torres,FISICA
456,42990781D,Jan Sánchez Castro,FISICA
457,77702930Y,Roberto Sánchez Rodríguez,FISICA
458,74247231B,Luis Pérez Torres,FISICA
459,19780964K,Jorge Pérez González,FISICA
460,66872710A,Sofía Martínez Pereira,FISICA
461,76352675N,Jan Sánchez Pérez,FISICA
462,49966345H,Valentina Silva Silva,FISICA
463,98056553D,Laura Gómez Martínez,FISICA
464,97677492B,Luis García González,FISICA
465,49385368K,Elena Sánchez González,FISICA
466,62846352W,Ana Fernández García,FISICA
467,15935377B,Pedro Sánchez Pereira,FISICA
468,38658780N,Valentina Pereira Pérez,FISICA
469,72845865N,Patricia Vargas Rodríguez,FISICA
470,90371169Y,Jorge Torres Sánchez,FISICA
471,32916429W,Jorge Gómez Silva,FISICA
472,88676565L,Miguel Rodríguez Pereira,FISICA
473,79457650X,Carmen López Sánchez,FISICA
474,79101611B,María Rodríguez López,FISICA
475,14107257T,Isabel Silva Pereira,FISICA
476,26844833S,Miguel Vargas Pereira,FISICA
477,21143732Q,Carlos Vargas Torres,FISICA
478,54526254Q,Miguel Gómez Rodríguez,FISICA
479,47916576D,Luis Vargas López,FISICA
480,49071869N,Juan Pereira Martínez,FISICA
481,29600252B,Isabel Silva López,FISICA
482,67167311C,Fernando Martínez García,FISICA
483,53998388T,Laura Pereira González,FISICA
484,35004244S,Roberto García Fernández,FISICA
485,78565457X,Carmen Rodríguez Pérez,FISICA
486,29692573X,Elena Sánchez Pérez,FISICA
487,50184739G,Fernando Sánchez Martínez,FISICA
488,71778180X,María García Pérez,FISICA
489,25960916B,Carmen Gómez Martínez,FISICA
490,63958092Z,Sofía Torres Rodríguez,FISICA
491,25304963H,Antonio Castro Rodríguez,FISICA
492,16600847E,Pedro López Silva,FISICA
493,42434297X,Luis Gómez Gómez,FISICA
494,91342890T,Diego López López,FISICA
495,46407301V,Elena Pérez López,FISICA
496,13244296E,Carmen Silva Gómez,FISICA
497,63986010X,María González Vargas,FISICA
498,18619522X,Laura Pérez Fernández,FISICA
499,95167301V,Fernando Pereira Gómez,FISICA
500,49608922S,Carmen González Martínez,FISICA
501,13275483K,Juan González Rodríguez,FISICA
502,27437225L,Fernando Castro Pereira,FISICA
503,90610839Q,Isabel Sánchez Castro,FISICA
504,90620200Q,Carmen Torres Rodríguez,FISICA
505,39388320S,Carlos Vargas Martínez,FISICA
506,48238771C,Diego López López,FISICA
507,72794526D,Luis Castro Sánchez,FISICA
508,19252070N,Isabel González Silva,FISICA
509,44948690C,Jorge Martínez Rodríguez,FISICA
510,51140382C,Carlos González Castro,FISICA
511,75403254P,Carlos Sánchez Vargas,FISICA
512,28500113P,Jan González Gómez,FISICA
513,89611759X,Carmen Rodríguez Rodríguez,FISICA
514,30183971J,Patricia Gómez Torres,FISICA
515,89610421Y,Miguel Fernández Pereira,FISICA
516,18962402Y,Valentina Martínez Gómez,FISICA
517,87024791J,Miguel Martínez Martínez,FISICA
518,83044226N,Fernando Vargas García,FISICA
519,88858349B,Juan García López,FISICA
520,54367040P,Diego Silva Fernández,FISICA
521,67800915C,Roberto Martínez Castro,FISICA
522,21716075G,Patricia Rodríguez Gómez,FISICA
523,80192060F,Sofía Martínez López,FISICA
524,25776456B,Patricia Torres Sánchez,FISICA
525,14027693Q,Jorge Fernández Castro,FISICA
526,34983716A,Valentina Silva Vargas,FISICA
527,96362189D,Laura Silva Martínez,FISICA
528,23737360A,Fernando González Torres,FISICA
529,91623982D,Isabel González Pereira,FISICA
530,41481739C,Juan Pereira Martínez,FISICA
531,63357190X,Diego Torres García,FISICA
532,54558834M,Fernando Pereira Pereira,FISICA
533,51872174K,Diego Pérez Pereira,FISICA
534,57545491C,Carmen González Pérez,FISICA
535,47084331L,Valentina Pérez Pereira,FISICA
536,66400510Q,Elena Gómez Vargas,FISICA
537,43195980W,Diego Martínez Martínez,FISICA
538,30707333X,Sofía Pereira Sánchez,FISICA
539,36990745Y,Diego Sánchez González,FISICA
540,77565133W,Juan Fernández García,FISICA
541,13530642H,Ana Pérez Pérez,FISICA
542,85931638G,Diego Pereira Martínez,FISICA
543,47246758C,Ana López Gómez,FISICA
544,15713512G,Laura Rodríguez Silva,FISICA
545,70937948Z,Fernando Sánchez Pérez,FISICA
546,65555618Y,Isabel Pereira González,FISICA
547,68779689Y,María Fernández López,FISICA
548,32102851A,Juan Torres Castro,FISICA
549,21450958P,Antonio Pereira Vargas,FISICA
550,90267255Y,Juan Silva Gómez,FISICA
551,16447165A,Miguel Gómez Rodríguez,FISICA
552,76203969R,Valentina Silva Gómez,FISICA
553,75537708G,Roberto Pérez Pérez,FISICA
554,74247118J,Laura Fernández García,FISICA
555,30552557R,Isabel Gómez Rodríguez,FISICA
556,39444932R,Jorge Torres Torres,FISICA
557,69810246W,Ana Rodríguez Martínez,FISICA
558,64459260N,Carmen Martínez Fernández,FISICA
559,86639451S,Isabel Vargas Silva,FISICA
560,67905050B,Patricia Torres García,FISICA
561,22369890K,Ana Vargas González,FISICA
562,16219710H,Jorge López Torres,FISICA
563,97529910C,Patricia Rodríguez Gómez,FISICA
564,80080475H,Juan Sánchez Sánchez,FISICA
565,49963477W,Pedro González Fernández,FISICA
566,73621990W,Luis López González,FISICA
567,22772689K,Laura González Fernández,FISICA
568,46118966X,Jorge García Vargas,FISICA
569,97149168C,Carmen Gómez Gómez,FISICA
570,65811794P,Isabel López López,FISICA
571,12165548C,Isabel Rodríguez López,FISICA
572,86628309M,Miguel González Pérez,FISICA
573,55910627L,María Rodríguez González,FISICA
574,50344580H,Pedro Rodríguez García,FISICA
575,67596055K,Jan Fernández Rodríguez,FISICA
576,74693948E,María González Torres,FISICA
577,61652292X,Sofía Fernández García,FISICA
578,20069510D,Valentina Rodríguez Torres,FISICA
579,34288190C,Ana Castro González,FISICA
580,34933180K,Laura Sánchez García,FISICA
581,14979514M,Jorge Rodríguez González,FISICA
582,76229720S,Diego Vargas Rodríguez,FISICA
583,90084965Z,Juan Sánchez López,FISICA
584,18842292W,Ana González Pérez,FISICA
585,69736337S,Patricia Sánchez Rodríguez,FISICA
586,37348329D,Jorge Sánchez González,FISICA
587,78900451D,Sofía Pereira Pereira,FISICA
588,36529561H,Carlos López Sánchez,FISICA
589,32877218Y,Luis Gómez López,FISICA
590,22934460X,Elena Rodríguez Pérez,FISICA
591,85848138V,Carlos Martínez Gómez,FISICA
592,32305473H,Carlos Sánchez Silva,FISICA
593,19775283K,Juan Castro Martínez,FISICA
594,80391375G,Valentina González Torres,FISICA
595,26978291G,Laura Martínez Silva,FISICA
596,78118293N,Laura Sánchez García,FISICA
597,61024116X,Carmen González Torres,FISICA
598,75793954F,Fernando Torres Martínez,FISICA
599,81936739K,Jan García García,FISICA
600,24111525G,Fernando Pérez Castro,FISICA
601,70656871C,Antonio García Fernández,FISICA
602,95858233Y,Carlos Pérez Gómez,FISICA
603,43577709T,Patricia Torres Torres,FISICA
604,56530838N,Carmen López García,FISICA
605,20129812M,Juan Rodríguez Pérez,FISICA
606,12062504Q,Jan González Torres,FISICA
607,37756327X,Miguel Silva Gómez,FISICA
608,18616886L,Luis Vargas Fernández,FISICA
609,22633758X,Pedro Martínez López,FISICA
610,20529489B,Jorge López Pereira,FISICA
611,38045904V,Elena Pereira Fernández,FISICA
612,57031963J,Jorge Rodríguez Sánchez,FISICA
613,71033683T,Jan Martínez Sánchez,FISICA
614,12924898W,Juan Pereira Sánchez,FISICA
615,35196800S,María Pereira Fernández,FISICA
616,17568538B,Carlos Torres González,FISICA
617,20288080X,Antonio Pérez Fernández,FISICA
618,17837910F,Miguel Sánchez Castro,FISICA
619,65715605M,Valentina Pereira López,FISICA
620,99294003J,Roberto Silva Fernández,FISICA
621,19740647T,Sofía Castro Gómez,FISICA
622,44655871Z,Juan Torres Pérez,FISICA
623,99442462F,Roberto Castro Pérez,FISICA
624,40107084Y,Pedro López Torres,FISICA
625,58535166M,Jan García Silva,FISICA
626,96416763G,Fernando Gómez Vargas,FISICA
627,82723694P,Luis Sánchez Torres,FISICA
628,13589470N,Pedro Vargas Torres,FISICA
629,99806792V,Jorge López Castro,FISICA
630,27920407V,Carmen Rodríguez González,FISICA
631,69920369R,Jan Gómez Torres,FISICA
632,92043589G,Luis Fernández Pereira,FISICA
633,18072994P,Fernando González González,FISICA
634,30086098M,Ana Silva González,FISICA
635,22357171K,Isabel Castro Martínez,FISICA
636,27909123A,Carlos López Martínez,FISICA
637,21839837A,Fernando Martínez López,FISICA
638,39912214S,Roberto Rodríguez González,FISICA
639,10030505K,Carmen Pereira Pérez,FISICA
640,19344885E,Carmen López Castro,FISICA
641,35154645L,Elena Torres Vargas,FISICA
642,19431325M,Jorge Torres González,FISICA
643,68892342M,Diego Torres Fernández,FISICA
644,57389452J,Patricia Sánchez Vargas,FISICA
645,41315053S,Valentina Sánchez Silva,FISICA
646,20614967K,Carmen Pérez Gómez,FISICA
647,56096197W,Jorge Torres Martínez,FISICA
648,11011852G,María Gómez Sánchez,FISICA
649,93733654Y,Elena Castro Pérez,FISICA
650,72222202V,Carlos Rodríguez López,FISICA
651,26481605A,María Pereira Fernández,FISICA
652,35910459F,Roberto Fernández Pereira,FISICA
653,58205130L,Fernando Martínez Silva,FISICA
654,84638956Z,Miguel González Torres,FISICA
655,72484675Z,Antonio Vargas Torres,FISICA
656,36254931P,Patricia González Rodríguez,FISICA
657,99221469K,Jan Torres Rodríguez,FISICA
658,59012925P,Laura Pereira Sánchez,FISICA
659,29013574V,Isabel Sánchez López,FISICA
660,19248210Q,Valentina Rodríguez Fernández,FISICA
661,82782820R,Fernando García García,FISICA
662,15414424P,Ana Pérez García,FISICA
663,38879667F,Carlos Pérez Pereira,FISICA
664,51122740L,Juan Gómez Torres,FISICA
665,93260353E,Jan Torres Sánchez,FISICA
666,92117366C,Pedro Vargas Rodríguez,FISICA
667,94034837G,Jorge Vargas Gómez,FISICA
668,62271909F,Antonio Rodríguez Sánchez,FISICA
669,19145245E,María González Pérez,FISICA
670,42514296S,Laura Rodríguez González,FISICA
671,67053004T,Carlos Pérez García,FISICA
672,43128469L,Diego Vargas Pérez,FISICA
673,14265091P,Fernando Pereira Torres,FISICA
674,74087208E,Ana Pereira Silva,FISICA
675,40170881R,Roberto González Rodríguez,FISICA
676,70298426F,Laura Rodríguez Vargas,FISICA
677,50062286A,Laura Silva Gómez,FISICA
678,57748957M,Pedro López García,FISICA
679,44430344W,Carmen González Sánchez,FISICA
680,99890944N,María Vargas Sánchez,FISICA
681,27610374R,Jan Castro Fernández,FISICA
682,64070476C,Jorge González Rodríguez,FISICA
683,12555303V,Juan Martínez Pereira,FISICA
684,84279814V,Pedro Martínez Silva,FISICA
685,86678011G,Juan López Rodríguez,FISICA
686,96381870W,Elena Torres Castro,FISICA
687,70030763H,Jorge Silva García,FISICA
688,97781462K,Sofía Vargas Silva,FISICA
689,42992538H,Fernando Vargas Vargas,FISICA
690,85366901D,Pedro Gómez Rodríguez,FISICA
691,63595975D,Jorge Fernández Vargas,FISICA
692,73781987B,Fernando García Sánchez,FISICA
693,87733366G,Carmen Pereira Castro,FISICA
694,52060173H,Fernando Pérez Castro,FISICA
695,98844423Z,Isabel Castro Sánchez,FISICA
696,76635510Q,Diego González Rodríguez,FISICA
697,42179109F,Juan Sánchez Sánchez,FISICA
698,88456761A,Luis Vargas Rodríguez,FISICA
699,67914625H,Antonio Martínez Castro,FISICA
700,73617306X,Diego Pérez Pereira,FISICA
701,17566018K,Diego Martínez Sánchez,FISICA
702,11594514F,Juan Gómez Pérez,FISICA
703,35165092R,Juan Fernández González,FISICA
704,30927790N,Jorge Sánchez González,FISICA
705,90862876L,Jan González Silva,FISICA
706,80305345V,Isabel Rodríguez Castro,FISICA
707,66279537T,Valentina Silva Rodríguez,FISICA
708,62294676G,Elena Martínez Torres,FISICA
709,60032672G,Patricia Rodríguez Castro,FISICA
710,72725745K,Jan Pereira Torres,FISICA
711,92148284A,Jorge Pérez Sánchez,FISICA
712,11805964H,Luis Torres Silva,FISICA
713,29321013S,María Pérez Rodríguez,FISICA
714,84026067Y,María Torres Gómez,FISICA
715,85207618R,Sofía García López,FISICA
716,12837418Z,Laura Gómez Torres,FISICA
717,60678485T,Fernando López López,FISICA
718,44837258T,Pedro Pereira Sánchez,FISICA
719,99049134W,Carlos Fernández López,FISICA
720,53859543Y,Antonio López Pereira,FISICA
721,69583153B,Luis Sánchez Fernández,FISICA
722,88563075B,Diego Castro Torres,FISICA
723,68024877P,Isabel Fernández Rodríguez,FISICA
724,40091466M,Valentina Vargas González,FISICA
725,88192847Z,María González Castro,FISICA
726,93365756Q,Jan Sánchez Vargas,FISICA
727,75569568D,Jan Rodríguez Rodríguez,FISICA
728,22671243M,Jan Martínez González,FISICA
729,46709052P,Miguel Vargas Vargas,FISICA
730,40312068Z,Roberto González Fernández,FISICA
731,52364906R,Carmen Fernández Castro,FISICA
732,56573663B,Juan Torres Fernández,FISICA
733,42530733F,María García Pereira,FISICA
734,40541393Y,Juan González Fernández,FISICA
735,89970594E,Patricia Pérez González,FISICA
736,64258515B,Antonio Pereira Martínez,FISICA
737,36472183W,Luis García Pérez,FISICA
738,36868018F,María García Torres,FISICA
739,78010359V,María Sánchez Gómez,FISICA
740,74716639N,Fernando Martínez Vargas,FISICA
741,70428679B,Luis Torres Sánchez,FISICA
742,71118494X,Antonio Torres García,FISICA
743,79274198Y,Valentina Torres Vargas,FISICA
744,90616542S,Valentina Castro Martínez,FISICA
745,38585188C,Diego Gómez Pereira,FISICA
746,93697782Z,Laura Gómez Pereira,FISICA
747,69010060D,Fernando Martínez Fernández,FISICA
748,97472516B,Ana García Castro,FISICA
749,31233778P,Fernando García López,FISICA
750,62900300S,Sofía Pérez Rodríguez,FISICA
751,20127320C,Sofía Sánchez Silva,FISICA
752,45620823R,Sofía Martínez Rodríguez,FISICA
753,22569599K,Carlos Fernández Pereira,FISICA
754,14413927B,Fernando Torres Pérez,FISICA
755,10902727Z,María García Martínez,FISICA
756,18997471T,Roberto Gómez Rodríguez,FISICA
757,82261983E,Sofía Silva Vargas,FISICA
758,64849137Q,Laura Torres Sánchez,FISICA
759,69024250P,Valentina Pérez Pérez,FISICA
760,64750856Z,Carlos Silva Martínez,FISICA
761,50110843F,María Pérez Martínez,FISICA
762,66398701R,Elena Fernández González,FISICA
763,30832494M,Laura Torres Silva,FISICA
764,55782880Z,Roberto Martínez López,FISICA
765,70473441S,Elena Vargas Vargas,FISICA
766,67058302P,Miguel Castro Vargas,FISICA
767,51268833Q,Carlos Torres Pérez,FISICA
768,95939896L,Antonio Castro Pérez,FISICA
769,59249312R,Elena López Sánchez,FISICA
770,85998858H,Valentina Pereira Pereira,FISICA
771,37341872S,Isabel González García,FISICA
772,31601844M,Valentina Sánchez Silva,FISICA
773,32864629K,Luis Sánchez Silva,FISICA
774,55726173W,Antonio Rodríguez Sánchez,FISICA
775,81239978E,Jorge García Fernández,FISICA
776,90169959T,Carmen Pérez Castro,FISICA
777,25664064C,Juan Sánchez Fernández,FISICA
778,43065493V,Carmen Fernández Sánchez,FISICA
779,66292248S,Patricia Castro Fernández,FISICA
780,60957450K,Isabel Fernández López,FISICA
781,26767337Y,Elena Gómez Sánchez,FISICA
782,48472833B,Carmen Pereira Torres,FISICA
783,76050078A,Miguel Pereira Fernández,FISICA
784,64081078L,Ana Silva García,FISICA
785,11840564A,María Pereira Pereira,FISICA
786,42198151M,Sofía Pereira Silva,FISICA
787,81783835K,Ana Pérez Rodríguez,FISICA
788,56651168Y,Carlos Pérez López,FISICA
789,64130833W,Ana Silva Gómez,FISICA
790,98631715X,Antonio Vargas Rodríguez,FISICA
791,18990741D,Jorge Rodríguez Fernández,FISICA
792,54886092L,Jorge González Sánchez,FISICA
793,42484299X,Luis Rodríguez Castro,FISICA
794,36639809G,Antonio Rodríguez García,FISICA
795,82877465R,Carmen Vargas Martínez,FISICA
796,21506273P,Carlos Rodríguez Pereira,FISICA
797,96804744K,Miguel López Martínez,FISICA
798,14092202X,Diego Fernández Fernández,FISICA
799,39447737T,Laura Sánchez Castro,FISICA
800,35399301R,Elena Martínez López,FISICA
801,96845249T,Luis Castro Gómez,FISICA
802,27947114K,Sofía Torres Sánchez,FISICA
803,86135447X,Elena Gómez Rodríguez,FISICA
804,20806389Z,María Gómez Fernández,FISICA
805,64766024W,Carmen Sánchez López,FISICA
806,69920519J,Valentina Rodríguez Pereira,FISICA
807,28979482B,Isabel Silva Pereira,FISICA
808,68936415X,Valentina Pérez Martínez,FISICA
809,53017664L,Elena Vargas Silva,FISICA
810,52311376S,Isabel Gómez López,FISICA
811,14386177E,Jan Silva López,FISICA
812,46104391V,Miguel Vargas Pérez,FISICA
813,50900392N,Patricia González Torres,FISICA
814,93964385R,Laura Silva Pereira,FISICA
815,36638561K,Elena Fernández Sánchez,FISICA
816,32378202K,Jan Vargas Rodríguez,FISICA
817,66854831H,Laura Martínez Vargas,FISICA
818,93851748H,Roberto Pereira Gómez,FISICA
819,19640153Q,Pedro González Rodríguez,FISICA
820,71735054D,Carlos Vargas Castro,FISICA
821,73915070Q,Laura Pérez Pereira,FISICA
822,85775096T,Luis Martínez Silva,FISICA
823,70887473R,Jan García Martínez,FISICA
824,11085750A,María Gómez Gómez,FISICA
825,21738085A,Miguel Castro Gómez,FISICA
826,40568041C,Patricia Pérez Gómez,FISICA
827,17675631Q,Isabel García Fernández,FISICA
828,75752197H,Laura Castro Silva,FISICA
829,31459410X,Laura Castro Pereira,FISICA
830,65179375C,Jan Pereira González,FISICA
831,10429104F,Carmen López González,FISICA
832,18833716M,Ana Pérez García,FISICA
833,13326931H,Pedro Gómez Martínez,FISICA
834,48435807S,Jan Pérez López,FISICA
835,96271997T,Carmen González García,FISICA
836,87001482A,Diego García Rodríguez,FISICA
837,91847895V,Jan Rodríguez Silva,FISICA
838,66270837V,Fernando Sánchez López,FISICA
839,45264437T,Pedro Martínez Sánchez,FISICA
840,85057844A,Elena García Gómez,FISICA
841,73945279A,Diego Vargas Sánchez,FISICA
842,90370581Q,Fernando Pérez Fernández,FISICA
843,95288364P,Isabel Pérez Castro,FISICA
844,60915265H,Sofía Rodríguez Fernández,FISICA
845,98451118D,Carlos García Gómez,FISICA
846,41059098G,Miguel Silva Martínez,FISICA
847,19154211H,Jan García López,FISICA
848,58823169W,Jan Sánchez Castro,FISICA
849,68909882L,Elena Vargas Fernández,FISICA
850,24791043X,Isabel Castro Rodríguez,FISICA
851,38200843M,Juan Silva Vargas,FISICA
852,39544848M,Pedro González González,FISICA
853,40001007M,Laura Rodríguez García,FISICA
854,80184050R,Antonio Pereira López,FISICA
855,35808934G,Jan Pérez López,FISICA
856,99841291Q,Juan Pereira Martínez,FISICA
857,16471006Q,Luis García Silva,FISICA
858,12875960P,Carmen González Rodríguez,FISICA
859,92085588M,Jan García Torres,FISICA
860,40367752S,Sofía Gómez Vargas,FISICA
861,34144612P,Luis Fernández Sánchez,FISICA
862,23511089Y,Luis Gómez Castro,FISICA
863,68846467S,Carlos Torres Silva,FISICA
864,53163055G,Carlos Gómez Gómez,FISICA
865,31451930M,Antonio Martínez González,FISICA
866,64266063S,Isabel Silva Fernández,FISICA
867,35619132K,Carlos Pérez Pereira,FISICA
868,92185081T,Carmen Martínez Castro,FISICA
869,56069907R,Patricia Rodríguez Sánchez,FISICA
870,30673084P,Roberto Castro Pereira,FISICA
871,91965217Q,Antonio Rodríguez González,FISICA
872,65725235K,Pedro Castro Fernández,FISICA
873,54633235R,Luis Vargas Vargas,FISICA
874,75182819M,Roberto Fernández Rodríguez,FISICA
875,16354971Q,Patricia Castro Sánchez,FISICA
876,62460677Z,Isabel Gómez Torres,FISICA
877,96946444H,Valentina Torres López,FISICA
878,47812659Y,Valentina González Vargas,FISICA
879,42260314E,Diego Sánchez Pereira,FISICA
880,40967981J,Fernando López Martínez,FISICA
881,65536914R,Carmen Castro Torres,FISICA
882,68368429D,Elena Torres Fernández,FISICA
883,89693408D,Luis Silva López,FISICA
884,65271851J,Fernando Rodríguez García,FISICA
885,17343336W,Isabel Castro Sánchez,FISICA
886,25827593L,Fernando García Torres,FISICA
887,13380794S,Juan Sánchez Castro,FISICA
888,57276284M,Fernando García Gómez,FISICA
889,76253341S,Antonio Pereira Gómez,FISICA
890,68486924P,Juan Fernández Torres,FISICA
891,89708542D,Patricia Castro Gómez,FISICA
892,23418686V,Jan García López,FISICA
893,89945535X,Miguel Torres Vargas,FISICA
894,11262739F,Patricia Pérez Torres,FISICA
895,56349769E,Fernando Rodríguez Sánchez,FISICA
896,51664072T,Antonio Rodríguez López,FISICA
897,87045760Y,Fernando Pereira Gómez,FISICA
898,78803705R,Jan Gómez García,FISICA
899,25435801D,María Pereira Sánchez,FISICA
900,37843800Z,Roberto Gómez González,FISICA
901,72906949P,Jorge Castro Martínez,FISICA
902,48168940V,Miguel Rodríguez Sánchez,FISICA
903,69285655H,Sofía Pérez García,FISICA
904,68197243N,Diego Castro Rodríguez,FISICA
905,92662152M,Ana Martínez Martínez,FISICA
906,94118466M,Sofía Silva Rodríguez,FISICA
907,64071971C,Fernando López Fernández,FISICA
908,11200615Y,María Castro Torres,FISICA
909,91193113E,Ana Torres García,FISICA
910,16515167V,Ana Gómez Fernández,FISICA
911,79613817F,Ana Torres López,FISICA
912,81852471W,Roberto Sánchez García,FISICA
913,80988721V,Carlos Gómez Martínez,FISICA
914,21075389Y,Juan Fernández López,FISICA
915,40077083C,Patricia Castro Torres,FISICA
916,84711301R,Carlos Pérez Sánchez,FISICA
917,13392399M,Laura Martínez Pereira,FISICA
918,17220362D,María Sánchez Torres,FISICA
919,38556267X,Pedro Fernández Silva,FISICA
920,90493174L,Isabel Silva Torres,FISICA
921,53811700A,Sofía Pérez Fernández,FISICA
922,52307900N,Laura Sánchez Martínez,FISICA
923,65981521H,Diego Pérez Castro,FISICA
924,44069489V,Laura Fernández Martínez,FISICA
925,22429012X,Carmen Sánchez González,FISICA
926,76534841H,Patricia Fernández Fernández,FISICA
927,78533129C,Patricia Gómez Pereira,FISICA
928,36376434W,Jan Silva Martínez,FISICA
929,73373769C,Roberto Castro Fernández,FISICA
930,94728143K,María Pérez Vargas,FISICA
931,51143258K,Isabel Fernández Fernández,FISICA
932,47419832L,Jan Pereira Martínez,FISICA
933,22490255G,Jan Pérez Sánchez,FISICA
934,53681752M,Juan Pérez Vargas,FISICA
935,35234005Y,Laura Fernández Fernández,FISICA
936,51024423G,Carmen López Castro,FISICA
937,93281264A,Jorge Silva López,FISICA
938,86064789P,Isabel Sánchez Vargas,FISICA
939,12577048G,María Pereira Pérez,FISICA
940,94541507F,Fernando Sánchez López,FISICA
941,66896313P,Roberto Fernández Rodríguez,FISICA
942,44993745H,Sofía Pereira Silva,FISICA
943,33884573F,Pedro Gómez Pereira,FISICA
944,92820245L,Roberto Gómez García,FISICA
945,70653256Q,Valentina Pérez Sánchez,FISICA
946,57478526P,Diego González Sánchez,FISICA
947,73913031R,Antonio González González,FISICA
948,57103942W,Fernando Silva González,FISICA
949,84131703A,Juan López Castro,FISICA
950,70571525G,Laura Fernández Rodríguez,FISICA
951,22710758Y,Jorge Gómez Pereira,FISICA
952,21242769S,Jorge García Martínez,FISICA
953,19976880T,Luis Martínez Pereira,FISICA
954,15839694P,Carlos Sánchez Martínez,FISICA
955,60612357C,María Fernández López,FISICA
956,22781159G,Patricia Sánchez Castro,FISICA
957,83313928Q,Jan Martínez Pereira,FISICA
958,31353868S,Sofía Castro López,FISICA
959,21262483H,Patricia González Vargas,FISICA
960,77180838Z,Patricia Torres Martínez,FISICA
961,49522864T,Ana López Silva,FISICA
962,30159692E,Jan Pereira Gómez,FISICA
963,48266242Y,Jan Gómez Fernández,FISICA
964,11593355K,Jorge Sánchez Silva,FISICA
965,86136310E,Elena Castro Vargas,FISICA
966,96655183Y,Sofía González López,FISICA
967,86779670A,Elena González Castro,FISICA
968,44254696M,Diego Torres Sánchez,FISICA
969,40467563Y,Laura Pereira Castro,FISICA
970,32822939F,Carmen González Gómez,FISICA
971,81274274W,Jorge Gómez Torres,FISICA
972,15543131F,Antonio Torres García,FISICA
973,99478387Y,Sofía Silva García,FISICA
974,89733279K,Isabel Pereira Sánchez,FISICA
975,53897288P,Luis Sánchez Silva,FISICA
976,76231441B,Isabel Martínez López,FISICA
977,19577617V,Roberto Pereira Vargas,FISICA
978,57027241Y,Fernando González Martínez,FISICA
979,79663829V,Jorge García Silva,FISICA
980,21674555E,Diego López Gómez,FISICA
981,57179849D,Carlos Martínez Sánchez,FISICA
982,27753672D,Jorge Gómez Rodríguez,FISICA
983,90360828S,Jorge Fernández Gómez,FISICA
984,89085314N,Antonio Gómez Gómez,FISICA
985,84120848G,Luis Gómez Sánchez,FISICA
986,58436741C,Sofía Sánchez López,FISICA
987,24355932J,Fernando Vargas Castro,FISICA
988,59031074X,Elena Pereira Sánchez,FISICA
989,86032797D,Fernando Pérez Torres,FISICA
990,35882107Z,Luis López Sánchez,FISICA
991,98245920V,Carmen Rodríguez García,FISICA
992,85132907V,Sofía Martínez López,FISICA
993,59884932Q,Antonio Vargas García,FISICA
994,68508767R,Miguel Fernández Martínez,FISICA
995,76667190W,Patricia García Silva,FISICA
996,40683373F,Laura Fernández López,FISICA
997,94857767V,Juan Martínez Castro,FISICA
998,80437774N,Carmen Vargas Pereira,FISICA
999,13853691D,Valentina González Silva,FISICA
1000,49099003Y,Ana Pérez Pérez,FISICA
